{
    "accuracy": 0.9473206176203451,
    "precision": 0.8712121212121212,
    "recall": 0.7371794871794872,
    "auc": 0.9389567222900558
}